{"cameraMode":{"drawMode":0,"name":"Shaded","section":"Shading Mode"},"sceneLighting":false,"audioPlay":false,"sceneViewState":{"showFog":true,"showMaterialUpdate":false,"showSkybox":false,"showFlares":true,"showImageEffects":true,"showParticleSystems":true,"showVisualEffectGraphs":true,"m_FxEnabled":true},"in2DMode":false,"pivot":{"x":-0.045818328857421878,"y":0.035607218742370608,"z":-0.06823158264160156},"rotation":{"x":0.22656317055225373,"y":0.14863961935043336,"z":-0.035033728927373889,"w":0.9619787335395813},"size":9.645008087158204,"orthographic":false}