{"cameraMode":{"drawMode":0,"name":"Shaded","section":"Shading Mode"},"sceneLighting":false,"audioPlay":false,"sceneViewState":{"showFog":true,"showMaterialUpdate":false,"showSkybox":false,"showFlares":true,"showImageEffects":true,"showParticleSystems":true,"showVisualEffectGraphs":true,"m_FxEnabled":true},"in2DMode":false,"pivot":{"x":0.0000030488299671560528,"y":0.000004992576577933505,"z":3.8141297409310939e-7},"rotation":{"x":0.2210799902677536,"y":0.49216169118881228,"z":-0.1308487206697464,"w":0.8317633867263794},"size":5.4168195724487309,"orthographic":false}