{"cameraMode":{"drawMode":0,"name":"Shaded","section":"Shading Mode"},"sceneLighting":false,"audioPlay":false,"sceneViewState":{"showFog":true,"showMaterialUpdate":false,"showSkybox":false,"showFlares":true,"showImageEffects":true,"showParticleSystems":true,"showVisualEffectGraphs":true,"m_FxEnabled":true},"in2DMode":false,"pivot":{"x":10.503850936889649,"y":6.340000152587891,"z":-13.716124534606934},"rotation":{"x":0.15213939547538758,"y":-0.08557342737913132,"z":0.013198199681937695,"w":0.9845861792564392},"size":3.9446346759796144,"orthographic":false}