{"cameraMode":{"drawMode":0,"name":"Shaded","section":"Shading Mode"},"sceneLighting":false,"audioPlay":false,"sceneViewState":{"showFog":true,"showMaterialUpdate":false,"showSkybox":false,"showFlares":true,"showImageEffects":true,"showParticleSystems":true,"showVisualEffectGraphs":true,"m_FxEnabled":true},"in2DMode":false,"pivot":{"x":5.024005889892578,"y":0.8487949371337891,"z":11.092110633850098},"rotation":{"x":0.6145598888397217,"y":0.00022489280672743917,"z":-0.0002128262131009251,"w":0.7889044284820557},"size":13.299138069152832,"orthographic":false}