{"cameraMode":{"drawMode":0,"name":"Shaded","section":"Shading Mode"},"sceneLighting":false,"audioPlay":false,"sceneViewState":{"showFog":true,"showMaterialUpdate":false,"showSkybox":false,"showFlares":true,"showImageEffects":true,"showParticleSystems":true,"showVisualEffectGraphs":true,"m_FxEnabled":true},"in2DMode":false,"pivot":{"x":6.51925802230835e-9,"y":-0.0000019073486328125,"z":-4.76837158203125e-7},"rotation":{"x":0.6686041355133057,"y":-0.0008980860002338886,"z":0.0007832839619368315,"w":0.7436538338661194},"size":15.448786735534668,"orthographic":false}