{"cameraMode":{"drawMode":0,"name":"Shaded","section":"Shading Mode"},"sceneLighting":false,"audioPlay":false,"sceneViewState":{"showFog":true,"showMaterialUpdate":false,"showSkybox":false,"showFlares":true,"showImageEffects":true,"showParticleSystems":true,"showVisualEffectGraphs":true,"m_FxEnabled":true},"in2DMode":false,"pivot":{"x":8.943294525146485,"y":0.03772735595703125,"z":2.1306002140045168},"rotation":{"x":0.6367909908294678,"y":-0.0009378926479257643,"z":0.0007360141025856137,"w":0.771071195602417},"size":13.599138259887696,"orthographic":false}