{"cameraMode":{"drawMode":0,"name":"Shaded","section":"Shading Mode"},"sceneLighting":false,"audioPlay":false,"sceneViewState":{"showFog":true,"showMaterialUpdate":false,"showSkybox":false,"showFlares":true,"showImageEffects":true,"showParticleSystems":true,"showVisualEffectGraphs":true,"m_FxEnabled":true},"in2DMode":false,"pivot":{"x":1.5146780014038087,"y":-1.4033045768737794,"z":-1.1364107131958008},"rotation":{"x":0.35807108879089358,"y":0.02268839254975319,"z":-0.008722728118300438,"w":0.9334002137184143},"size":6.778536796569824,"orthographic":false}