{"cameraMode":{"drawMode":0,"name":"Shaded","section":"Shading Mode"},"sceneLighting":false,"audioPlay":false,"sceneViewState":{"showFog":true,"showMaterialUpdate":false,"showSkybox":false,"showFlares":true,"showImageEffects":true,"showParticleSystems":true,"showVisualEffectGraphs":true,"m_FxEnabled":true},"in2DMode":false,"pivot":{"x":0.009245352819561959,"y":0.018918873742222787,"z":0.00299547309987247},"rotation":{"x":0.19010959565639497,"y":0.5717074871063232,"z":-0.13829846680164338,"w":0.7860884070396423},"size":4.500017166137695,"orthographic":false}