{"cameraMode":{"drawMode":0,"name":"Shaded","section":"Shading Mode"},"sceneLighting":false,"audioPlay":false,"sceneViewState":{"showFog":true,"showMaterialUpdate":false,"showSkybox":false,"showFlares":true,"showImageEffects":true,"showParticleSystems":true,"showVisualEffectGraphs":true,"m_FxEnabled":true},"in2DMode":false,"pivot":{"x":15.109391212463379,"y":3.758047342300415,"z":-22.39767074584961},"rotation":{"x":0.4909884035587311,"y":0.015940269455313684,"z":-0.009006352163851262,"w":0.8709973096847534},"size":2.0365374088287355,"orthographic":false}