{"cameraMode":{"drawMode":0,"name":"Shaded","section":"Shading Mode"},"sceneLighting":false,"audioPlay":false,"sceneViewState":{"showFog":true,"showMaterialUpdate":false,"showSkybox":false,"showFlares":true,"showImageEffects":true,"showParticleSystems":true,"showVisualEffectGraphs":true,"m_FxEnabled":true},"in2DMode":false,"pivot":{"x":3.0375189781188967,"y":-3.7158031463623049,"z":-0.766697883605957},"rotation":{"x":0.6686041355133057,"y":-0.0008980860002338886,"z":0.0007832839619368315,"w":0.7436538338661194},"size":20.6057071685791,"orthographic":false}