{"cameraMode":{"drawMode":0,"name":"Shaded","section":"Shading Mode"},"sceneLighting":false,"audioPlay":false,"sceneViewState":{"showFog":true,"showMaterialUpdate":false,"showSkybox":false,"showFlares":true,"showImageEffects":true,"showParticleSystems":true,"showVisualEffectGraphs":true,"m_FxEnabled":true},"in2DMode":false,"pivot":{"x":8.395509719848633,"y":-0.3935980796813965,"z":2.8753857612609865},"rotation":{"x":0.6938529014587402,"y":0.002362121595069766,"z":-0.0023163931909948589,"w":0.7201442122459412},"size":8.110296249389649,"orthographic":false}