{"cameraMode":{"drawMode":0,"name":"Shaded","section":"Shading Mode"},"sceneLighting":false,"audioPlay":false,"sceneViewState":{"showFog":true,"showMaterialUpdate":false,"showSkybox":false,"showFlares":true,"showImageEffects":true,"showParticleSystems":true,"showVisualEffectGraphs":true,"m_FxEnabled":true},"in2DMode":false,"pivot":{"x":6.068274974822998,"y":-0.15182018280029298,"z":5.002588272094727},"rotation":{"x":0.6050330996513367,"y":-0.005743859335780144,"z":0.004328185226768255,"w":0.7962005734443665},"size":11.110298156738282,"orthographic":false}