{"cameraMode":{"drawMode":0,"name":"Shaded","section":"Shading Mode"},"sceneLighting":false,"audioPlay":false,"sceneViewState":{"showFog":true,"showMaterialUpdate":false,"showSkybox":false,"showFlares":true,"showImageEffects":true,"showParticleSystems":true,"showVisualEffectGraphs":true,"m_FxEnabled":true},"in2DMode":false,"pivot":{"x":-0.1320585012435913,"y":0.7845048904418945,"z":0.5189062356948853},"rotation":{"x":0.5411496758460999,"y":0.006549682002514601,"z":-0.004251113627105951,"w":0.8409220576286316},"size":1.4691674709320069,"orthographic":false}