{"cameraMode":{"drawMode":0,"name":"Shaded","section":"Shading Mode"},"sceneLighting":false,"audioPlay":false,"sceneViewState":{"showFog":true,"showMaterialUpdate":false,"showSkybox":false,"showFlares":true,"showImageEffects":true,"showParticleSystems":true,"showVisualEffectGraphs":true,"m_FxEnabled":true},"in2DMode":false,"pivot":{"x":0.3730020523071289,"y":1.3088152408599854,"z":-0.8848543167114258},"rotation":{"x":0.02568085491657257,"y":0.5891109704971314,"z":-0.018758060410618783,"w":0.8074585199356079},"size":12.600022315979004,"orthographic":false}