{"cameraMode":{"drawMode":0,"name":"Shaded","section":"Shading Mode"},"sceneLighting":false,"audioPlay":false,"sceneViewState":{"showFog":true,"showMaterialUpdate":false,"showSkybox":false,"showFlares":true,"showImageEffects":true,"showParticleSystems":true,"showVisualEffectGraphs":true,"m_FxEnabled":true},"in2DMode":false,"pivot":{"x":-0.2080458700656891,"y":-1.194593906402588,"z":-1.9010310173034669},"rotation":{"x":0.47529107332229617,"y":0.008181988261640072,"z":-0.004440636374056339,"w":0.8798032999038696},"size":3.671268939971924,"orthographic":false}