{"cameraMode":{"drawMode":0,"name":"Shaded","section":"Shading Mode"},"sceneLighting":false,"audioPlay":false,"sceneViewState":{"showFog":true,"showMaterialUpdate":false,"showSkybox":false,"showFlares":true,"showImageEffects":true,"showParticleSystems":true,"showVisualEffectGraphs":true,"m_FxEnabled":true},"in2DMode":false,"pivot":{"x":5.948585510253906,"y":-1.7613773345947266,"z":3.2716479301452638},"rotation":{"x":0.7098655104637146,"y":-0.0050866142846643929,"z":0.005084392614662647,"w":0.7043377161026001},"size":10.489709854125977,"orthographic":false}