{"cameraMode":{"drawMode":0,"name":"Shaded","section":"Shading Mode"},"sceneLighting":false,"audioPlay":false,"sceneViewState":{"showFog":true,"showMaterialUpdate":false,"showSkybox":false,"showFlares":true,"showImageEffects":true,"showParticleSystems":true,"showVisualEffectGraphs":true,"m_FxEnabled":true},"in2DMode":false,"pivot":{"x":5.155949592590332,"y":-0.22058868408203126,"z":6.268754959106445},"rotation":{"x":0.6379454731941223,"y":0.001373538514599204,"z":-0.0011764435330405832,"w":0.7701138854026794},"size":10.210296630859375,"orthographic":false}