{"cameraMode":{"drawMode":0,"name":"Shaded","section":"Shading Mode"},"sceneLighting":false,"audioPlay":false,"sceneViewState":{"showFog":true,"showMaterialUpdate":false,"showSkybox":false,"showFlares":true,"showImageEffects":true,"showParticleSystems":true,"showVisualEffectGraphs":true,"m_FxEnabled":true},"in2DMode":false,"pivot":{"x":0.0000019073486328125,"y":0.025000572204589845,"z":9.5367431640625e-7},"rotation":{"x":0.19010959565639497,"y":0.5717074871063232,"z":-0.13829846680164338,"w":0.7860884070396423},"size":2.8037586212158205,"orthographic":false}