{"cameraMode":{"drawMode":0,"name":"Shaded","section":"Shading Mode"},"sceneLighting":false,"audioPlay":false,"sceneViewState":{"showFog":true,"showMaterialUpdate":false,"showSkybox":false,"showFlares":true,"showImageEffects":true,"showParticleSystems":true,"showVisualEffectGraphs":true,"m_FxEnabled":true},"in2DMode":false,"pivot":{"x":1.5703999996185303,"y":1.161189079284668,"z":0.6481914520263672},"rotation":{"x":0.15213939547538758,"y":-0.08557342737913132,"z":0.013198199681937695,"w":0.9845861792564392},"size":5.151020050048828,"orthographic":false}