{"cameraMode":{"drawMode":0,"name":"Shaded","section":"Shading Mode"},"sceneLighting":false,"audioPlay":false,"sceneViewState":{"showFog":true,"showMaterialUpdate":false,"showSkybox":false,"showFlares":true,"showImageEffects":true,"showParticleSystems":true,"showVisualEffectGraphs":true,"m_FxEnabled":true},"in2DMode":false,"pivot":{"x":5.3696675300598148,"y":0.8612251281738281,"z":3.7595624923706056},"rotation":{"x":0.6180967092514038,"y":0.003747415030375123,"z":-0.00301272701472044,"w":0.7861226201057434},"size":6.714953422546387,"orthographic":false}