{"cameraMode":{"drawMode":0,"name":"Shaded","section":"Shading Mode"},"sceneLighting":false,"audioPlay":false,"sceneViewState":{"showFog":true,"showMaterialUpdate":false,"showSkybox":false,"showFlares":true,"showImageEffects":true,"showParticleSystems":true,"showVisualEffectGraphs":true,"m_FxEnabled":true},"in2DMode":false,"pivot":{"x":1.354623794555664,"y":-0.15462255477905274,"z":-1.4359140396118165},"rotation":{"x":0.17255401611328126,"y":0.37515223026275637,"z":-0.07131195068359375,"w":0.9079897999763489},"size":5.400017738342285,"orthographic":false}