{"cameraMode":{"drawMode":0,"name":"Shaded","section":"Shading Mode"},"sceneLighting":false,"audioPlay":false,"sceneViewState":{"showFog":true,"showMaterialUpdate":false,"showSkybox":false,"showFlares":true,"showImageEffects":true,"showParticleSystems":true,"showVisualEffectGraphs":true,"m_FxEnabled":true},"in2DMode":false,"pivot":{"x":1.5781559944152833,"y":-0.19074487686157227,"z":-0.09394484758377075},"rotation":{"x":0.22656317055225373,"y":0.14863961935043336,"z":-0.035033728927373889,"w":0.9619787335395813},"size":6.485377311706543,"orthographic":false}