{"cameraMode":{"drawMode":0,"name":"Shaded","section":"Shading Mode"},"sceneLighting":false,"audioPlay":false,"sceneViewState":{"showFog":true,"showMaterialUpdate":false,"showSkybox":false,"showFlares":true,"showImageEffects":true,"showParticleSystems":true,"showVisualEffectGraphs":true,"m_FxEnabled":true},"in2DMode":false,"pivot":{"x":0.6984562873840332,"y":1.0478806495666505,"z":3.2560067176818849},"rotation":{"x":0.17255401611328126,"y":0.37515223026275637,"z":-0.07131195068359375,"w":0.9079897999763489},"size":3.0000171661376955,"orthographic":false}