{"cameraMode":{"drawMode":0,"name":"Shaded","section":"Shading Mode"},"sceneLighting":true,"audioPlay":false,"sceneViewState":{"showFog":true,"showMaterialUpdate":false,"showSkybox":false,"showFlares":true,"showImageEffects":true,"showParticleSystems":true,"showVisualEffectGraphs":true,"m_FxEnabled":true},"in2DMode":false,"pivot":{"x":0.1298731565475464,"y":0.42861783504486086,"z":-0.046759605407714847},"rotation":{"x":0.2250249683856964,"y":0.18603432178497315,"z":-0.04384082555770874,"w":0.9554518461227417},"size":0.9889594912528992,"orthographic":false}