{"cameraMode":{"drawMode":0,"name":"Shaded","section":"Shading Mode"},"sceneLighting":false,"audioPlay":false,"sceneViewState":{"showFog":true,"showMaterialUpdate":false,"showSkybox":false,"showFlares":true,"showImageEffects":true,"showParticleSystems":true,"showVisualEffectGraphs":true,"m_FxEnabled":true},"in2DMode":false,"pivot":{"x":-0.20120738446712495,"y":-0.8592839241027832,"z":-0.5414478778839111},"rotation":{"x":0.6274836659431458,"y":-0.0032735918648540975,"z":0.0026165798772126438,"w":0.7786460518836975},"size":3.6000170707702638,"orthographic":false}