{"cameraMode":{"drawMode":0,"name":"Shaded","section":"Shading Mode"},"sceneLighting":true,"audioPlay":false,"sceneViewState":{"showFog":true,"showMaterialUpdate":false,"showSkybox":true,"showFlares":true,"showImageEffects":true,"showParticleSystems":true,"showVisualEffectGraphs":true,"m_FxEnabled":true},"in2DMode":false,"pivot":{"x":408.4576721191406,"y":511.5255126953125,"z":471.20361328125},"rotation":{"x":0.046790800988674167,"y":0.003302789991721511,"z":-0.00018475377873983234,"w":0.998930811882019},"size":651.9122924804688,"orthographic":false}