{"cameraMode":{"drawMode":0,"name":"Shaded","section":"Shading Mode"},"sceneLighting":true,"audioPlay":false,"sceneViewState":{"showFog":true,"showMaterialUpdate":false,"showSkybox":true,"showFlares":true,"showImageEffects":true,"showParticleSystems":true,"showVisualEffectGraphs":true,"m_FxEnabled":true},"in2DMode":false,"pivot":{"x":4.832649230957031,"y":5.610616683959961,"z":13.412130355834961},"rotation":{"x":0.580863893032074,"y":-0.008313363417983055,"z":0.005896087270230055,"w":0.8139704465866089},"size":1023.5700073242188,"orthographic":false}