{"cameraMode":{"drawMode":0,"name":"Shaded","section":"Shading Mode"},"sceneLighting":false,"audioPlay":false,"sceneViewState":{"showFog":true,"showMaterialUpdate":false,"showSkybox":false,"showFlares":true,"showImageEffects":true,"showParticleSystems":true,"showVisualEffectGraphs":true,"m_FxEnabled":true},"in2DMode":false,"pivot":{"x":0.14519841969013215,"y":0.12997472286224366,"z":0.3121938705444336},"rotation":{"x":0.3511630594730377,"y":0.003092694329097867,"z":-0.0011779690394178033,"w":0.9363316297531128},"size":1.2000174522399903,"orthographic":false}