{"cameraMode":{"drawMode":0,"name":"Shaded","section":"Shading Mode"},"sceneLighting":false,"audioPlay":false,"sceneViewState":{"showFog":true,"showMaterialUpdate":false,"showSkybox":false,"showFlares":true,"showImageEffects":true,"showParticleSystems":true,"showVisualEffectGraphs":true,"m_FxEnabled":true},"in2DMode":false,"pivot":{"x":0.07123085111379624,"y":0.08584213256835938,"z":0.5347325801849365},"rotation":{"x":0.3735198676586151,"y":-0.008069285191595555,"z":0.003228999674320221,"w":0.9276047945022583},"size":2.260410785675049,"orthographic":false}