{"cameraMode":{"drawMode":0,"name":"Shaded","section":"Shading Mode"},"sceneLighting":false,"audioPlay":false,"sceneViewState":{"showFog":true,"showMaterialUpdate":false,"showSkybox":false,"showFlares":true,"showImageEffects":true,"showParticleSystems":true,"showVisualEffectGraphs":true,"m_FxEnabled":true},"in2DMode":false,"pivot":{"x":0.5631436705589294,"y":0.4428520202636719,"z":-0.009932756423950196},"rotation":{"x":0.15858396887779237,"y":0.025477413088083268,"z":-0.0041109248995780949,"w":0.9870291948318481},"size":2.400017261505127,"orthographic":false}