{"cameraMode":{"drawMode":0,"name":"Shaded","section":"Shading Mode"},"sceneLighting":false,"audioPlay":false,"sceneViewState":{"showFog":true,"showMaterialUpdate":false,"showSkybox":false,"showFlares":true,"showImageEffects":true,"showParticleSystems":true,"showVisualEffectGraphs":true,"m_FxEnabled":true},"in2DMode":false,"pivot":{"x":1.07838773727417,"y":0.028461024165153505,"z":0.048530176281929019},"rotation":{"x":0.4216015636920929,"y":0.0193133857101202,"z":-0.009001610800623894,"w":0.9065539836883545},"size":1.2898616790771485,"orthographic":false}