{"cameraMode":{"drawMode":0,"name":"Shaded","section":"Shading Mode"},"sceneLighting":false,"audioPlay":false,"sceneViewState":{"showFog":true,"showMaterialUpdate":false,"showSkybox":false,"showFlares":true,"showImageEffects":true,"showParticleSystems":true,"showVisualEffectGraphs":true,"m_FxEnabled":true},"in2DMode":false,"pivot":{"x":0.029170989990234376,"y":0.3937791585922241,"z":-0.014673113822937012},"rotation":{"x":0.10644426941871643,"y":0.5454787015914917,"z":-0.07011592388153076,"w":0.8284059166908264},"size":1.50359308719635,"orthographic":false}